{"cameraMode":{"drawMode":0,"name":"Shaded","section":"Shading Mode"},"sceneLighting":false,"audioPlay":false,"sceneViewState":{"m_AlwaysRefresh":false,"showFog":true,"showSkybox":false,"showFlares":true,"showImageEffects":true,"showParticleSystems":true,"showVisualEffectGraphs":true,"m_FxEnabled":true},"in2DMode":false,"pivot":{"x":-10.049949645996094,"y":1.5999908447265626,"z":-9.341497421264649},"rotation":{"x":0.061693351715803149,"y":0.05087666213512421,"z":-0.003130123019218445,"w":0.9968366026878357},"size":2.598076105117798,"orthographic":false}