{"cameraMode":{"drawMode":0,"name":"Shaded","section":"Shading Mode"},"sceneLighting":true,"audioPlay":false,"sceneViewState":{"m_AlwaysRefresh":false,"showFog":true,"showSkybox":true,"showFlares":true,"showImageEffects":true,"showParticleSystems":true,"showVisualEffectGraphs":true,"m_FxEnabled":true},"in2DMode":false,"pivot":{"x":-28.777000427246095,"y":-18.964221954345704,"z":-33.57109451293945},"rotation":{"x":0.008644100278615952,"y":-0.9416806697845459,"z":0.33555659651756289,"w":0.024297315627336503},"size":28.392671585083009,"orthographic":false}